class_0,class_1,text
0,1,watching drinking waiting start cringing mccains blunders
0,1,preparing heart attack
0,1,debate moderators 50 sorry
0,1,staring black screen
0,1,introducing mccain obama waitmccain showed wowguess crisis washington
0,1,nice obama held mccains hand used free hand wave audience keeping mccain
0,1,obama occupation war
0,1,golden parachutes padding ceos obama
0,1,obama avg american know golden parachute
0,1,mccain gave cheap plug ed kennedy
0,1,current channel reception continually sucking gotta love comcast
0,1,mccain starts awkwardly
0,1,mccain stalling faux sympathy
0,1,get ota hd eyetv 500
0,1,mccain talking bipartisan negotiation uhno pt
0,1,mccain looks tired wayyyy past bedtime
0,1,beginning end beginning end sheesh
0,1,mccain totally muddled answer republicans
0,1,mccain end beginning huh
0,1,mccain gving credit house republicans
0,1,mccain place answer
0,1,nice mclame uniquely came fix um ok
0,1,ur oldest candidate history start im feeling great makes thing youre looking great either
0,1,obama answering different question
0,1,mccain bringing kennedy emotional effect
0,1,greed got situation first place
0,1,mccain failing meaningfully answer question economy
0,1,obama understanding economic regulation america
0,1,mccain saw problems coming thought economy fundamentally sound
0,1,annoying animations tv reverting old fashion msnbc
0,1,say hope asked question voting something know yer view
0,1,mccain wearing tie makes eyes sore
0,1,mccain total nonanswer
0,1,mccain contrary statements regarding state economy
0,1,funny looked think talking points would disappear might even constructive
0,1,really tired hearing word mainstreet debate
0,1,fundamentally mccain fundamentally uses fundamental one time im gonna go nuts
0,1,mccain importexport claim
0,1,mccain wrong germany biggest exporter get facts together
0,1,questions going answered instead campaigning talk
0,1,mccain answering question saying wall street eyeblinking hesitation looks weird
0,1,mccain answering questions
0,1,mccain likes bears montana joke much
0,1,mccain love bears montana
0,1,mccain answer question
0,1,mccain flag waving pandering american workers
0,1,mccain stringing many colloquialisms together postreaganomics sensationalism
0,1,question mccain learn good friend charles keating sl bailout
0,1,mccain personal attack
0,1,mccain bringing stupid bear study
0,1,generic debate far wont even look
0,1,far debate reminds school yard scolding
0,1,computer kid maybe parents dont one
0,1,earmark spending tripled last years hasnt republican administration last
0,1,like see obama trying remember talking points get slogans
0,1,mccain dont mean go back forth thought debate
0,1,mccain didnt win miss congeniality vp
0,1,mccain personal attack evidence accusations obama
0,1,facebook blunt jackson mccain ongoing personal attacks irrelevant
0,1,obama defensive
0,1,stop interrupting obama mccain say friends
0,1,mccain sherrif uh
0,1,jim lehrer trouble getting actually debating fire guys
0,1,mccain failing address keystone tax cut issue
0,1,mccains laugh sounds like bushs scaryy
0,1,wont even make eye contact one responding directly
0,1,mccain seems start every sentence point
0,1,rt calling palin bible spice lol
0,1,weird mcpain brings repub bilksters jail wants separate doesnt seem like good strategy
0,1,mccain cant even look himhe must gas
0,1,hilarious line would better palin didnt
0,1,really would like see obama mccain actually engage otherrather talking camera
0,1,obama answering earmark claim mccain
0,1,mcpain exporting jobs cause hi biz taxes cheap labor oh geez
0,1,mccain really believes earmarks got us mess tax cuts get us
0,1,looks like mccain cant make eye contact obama respond directly dang goes friends
0,1,give tax breaks expect economy go futher hole
0,1,mccain wants us read lips
0,1,mccain avoiding question wait waht question exactly
0,1,mccain failing heed moderators instructions
0,1,dont hdtv mccains moireeffect tie giving skullcrushing headache
0,1,mccain looking grinning
0,1,mccain floating idea 5k tax cuts
0,1,mccain untasty comment obama knowing household income wealth
0,1,mccain breaking debate rules
0,1,mccain personal attack dont like quote walk walktalk talk stuff nope doesnt work
0,1,mccain play one tune
0,1,mccain taling circles dont understand saying
0,1,long mccain notes amount times obama voted present rather yea nay
0,1,obama breaking debate rules walking moderator
0,1,mccain hogging mic
0,1,obama right focus issues deregulation mccain ignoring issues
0,1,mccain weird
0,1,obama stuttering much sounds like porky big
0,1,financial rescue like financial bailout
0,1,remembered foreign policy debate
0,1,obama many disclaimers potential economic recovery plan
0,1,healthcare financial killer capitalist society oh irony
0,1,yes lost miss alaska
0,1,obama leaving conservation list things free us foreign oil
0,1,obama talking electricity
0,1,ok obama people glazing
0,1,obama giving terms spending exactly
0,1,mccain another personal attack
0,1,oppose drinking game bottoms
0,1,mccain personal attack hard reach across aisle one far left
0,1,mccain redundancy
0,1,day age deny help anyone wants produce alternative fuel mccain
0,1,many people know costplus contracts wouldnt know hadnt worked clients
0,1,mccain false claims obamas voting record
0,1,unfortunately obama didnt answer question would cutdebate08
0,1,pts simply mccain said hes ethanol subsidies bootweetdebate
0,1,moderator looked scary
0,1,obama crazy stuttering slow think speak
0,1,mccain false statement obama liberal record
0,1,mccain bringing federal prison every question thinking hes lucky think keating
0,1,mccain naval program
0,1,hahahahwildly liberal opposing bushs wrongheaded policies
0,1,google government huh
0,1,obama answering question specific cuts
0,1,obama wheres teleprompter cue cards
0,1,dang tweeting pausing tivo right thing
0,1,wheres foreign policy part debate
0,1,using hatchet need scalpel
0,1,obama soundbite problem spending freeze youre using hatchet need scalpel
0,1,mccain spending freeze unclear
0,1,damn mccain play terrorist card
0,1,nukes answer
0,1,mccains topic counterpoint spending cuts
0,1,mccain really shouldnt think cuff hell paint corner quickly
0,1,bill pissed hes like step
0,1,mccain stunt spending freeze classical bs
0,1,mccain promoting nukes talking storage spent fuel
0,1,mccain nuclear power limited dude 2050 uranium power plant done 2030
0,1,roosevelt shit needs throw
0,1,lehrer constantly rephrasing questions mccain rambles much cover talking points mccain
0,1,pt jim leher asking stupid question economic failure change way rule president uhyeah
0,1,google governmentuh anyone vote voice votes slam dunk legislation isnt record accomplishment
0,1,spending freeze really mccain
0,1,agree obama mccain hatchett job ive step need scalpel granularity growth argument
0,1,oh boy good point doubt would vote milf gmilf etc self anyway
0,1,mccain total nonsense
0,1,obama spending healthcarehe couldnt admit spending must stop
0,1,mccain clue many people cant afford doctor
0,1,mccain evading question cut
0,1,saying thing know people wont get otherwise people
0,1,people without healthcare dont decisions make mccain
0,1,mccain promoting nukes talking storage spent fuel
0,1,cut spending cut spending cut spending cut spending cut spending
0,1,mccain broken record cut spending big duh
0,1,mccain cool beverage plastic tumbler prune juice unpleasant cramp inducing
0,1,handle banks federal government healthcare
0,1,spending got control republican presidency
0,1,mccain calls energy alternatives including nuclear mccain also says climate change boo
0,1,think obama miscalculated supporting safe nuclear power program
0,1,mccain another complete reality debt china utterly irrelevant
0,1,fear climate descended bush got west wing keys
0,1,orgy spendingand voted budgets
0,1,pissing spending
0,1,sen voted bush budgets stand say hasnt happened last hears hard swallow
0,1,cmon mccain grow pair
0,1,voted miss bitch
0,1,mccain rehearsed soundbite voted ms congeniality
0,1,overused phrase night miss congeniality wonder plays overseas
0,1,soooo tired hearing electd miss congeniality
0,1,45 nuclear plants omg wtf
0,1,mccain saying miss congeniality twice far
0,1,mccain answering question
0,1,mccain leep talking miss congeniality thats title sarah palin
0,1,obama hammering afgan point hard get
0,1,10 billionmo iraq mccain wants talk earmarks
0,1,hate obama tries hawky
0,1,sen al quaeda stronger since 01 lesson use military wisely didnt iraq
0,1,macain stands 700b bailout didnt tell us
0,1,either epic battle terrorists hey look broken yall
0,1,mccain personal attack without evidence huh hearing
0,1,wow whoever created mccains talking points really reaching
0,1,surgetired term still still losing people maybe due surge
0,1,obama gives strong kudos biden mccain going applaud selection palin creature
0,1,obama trying ignore fact fact mccain lone voice calling change iraq strategy
0,1,mccain looking obama obama looking
0,1,reminds teenagers totally fucked parents house dont want admit
0,1,mccain false statement obama commitee
0,1,mccain pompous ass
0,1,oooh im afraid obama doesnt understand difference tactic strategy mccain
0,1,wrong wrong wrong wrong
0,1,fact soldiers reenlisting buddy voting
0,1,mccain triggering patriotism time
0,1,mccain selecting palin win election tactic dying making president strategy current
0,1,yes lets cut spending everything except defensive contracts fucking kidding
0,1,oh came osama card would perfect time mccain accidentally mess name
0,1,facebook blunt jackson mccain total falsehoods personal attacks
0,1,mcpain still quibbling definition strategy tactic
0,1,mccain wtf talking afghanistan ramble old man
0,1,im afraid senator mccain doesnt know difference succeed exceeed
0,1,obama interrupt mccain mccain lies oh never mind would interruptions current
0,1,obama calls mccain john time mccain never refers obama first name
0,1,wow cant anyone stop mcs bald lies
0,1,obama said change yet return tequila bottle
0,1,keeps smiling really passive pedophile way
0,1,agreed iran shouldve focus
0,1,sen brings subject pakistan mcpain wont repeat mistake regret hands region ussr
0,1,mccain soundbite dont say loud
0,1,economy stupid
0,1,mccain freedom fighters alquaeda
0,1,maybe mccain let paliin handle pakistan met world leaders day shes ready
0,1,care pakistan nuclear weapons stability
0,1,dont say things loud core problem republicans
0,1,yep agree think mccain twisting facts making lies shit
0,1,mccain man crush general patraeus
0,1,mccain treating like manchild obama needs stop congenial wants win
0,1,obama finally called john tom jim
0,1,obama repeating pakistan threads
0,1,mccain smug smiles
0,1,mccain saying obama wanted attack pakistan
0,1,mccain smug smiles
0,1,obama ok got leader nkoreas name wrong pronunciation need practice
0,1,hating audience reaction graph bottom cnn
0,1,obama saying mccain right much
0,1,ooh bomb iran remark hurt current
0,1,kidding obama pronounces pakistan afghanistan like education tendancies
0,1,obama pakistan threat
0,1,retweet obama coming sings songs bombing iran dnot think thats credible
0,1,retweet petreaus mccains drinking word id floor point
0,1,oh go record
0,1,wonder pakistanis feel called failed state mccain
0,1,mccain saying obama doesnt understand condescending
0,1,sudden dont care mccains record
0,1,obama pakistan comments mccain smugness downtalking obama happened respectfully disagree
0,1,reagan country debt first place
0,1,mccain naming dead soldier cheap shot
0,1,mccai telling shitty bracelet story dont waste time john
0,1,obama needs explain antidemocratic comment ie letting musharraf take coup average american understand
0,1,ok mccain makes point something backs war story
0,1,mccain pulling stops war vets know supported cutting vet benefits
0,1,oh mccain tries look human bringing human interest debate looks trite cliche
0,1,mccain stopped debating resumed campaigning
0,1,snore
0,1,yeah 86 year old mother upset doesnt really keep things much
0,1,mccain pissing iraq war bracelet wear uncles vietnam hes last known alive list
0,1,dont send iron man afghanistan
0,1,obama copying cheap shot
0,1,uhh dishonor klingon
0,1,mccain talks like grandpa telling stories
0,1,ive got bracelet ughhh actually wearing
0,1,obama bracelet shit
0,1,bracelet war
0,1,define defeat oh mean like economy collapsing within likebecause terrorist organization
0,1,us soldier ever dies vain huh
0,1,obama needs stop stuttering
0,1,dont say loud
0,1,debate story time
0,1,yeah well necklace anklets
0,1,sounding like every candidate weve ever elected
0,1,obama twice comment bracelet saying mccain right instead agree
0,1,obama ouch bracelet remark
0,1,daresay current person highest elected office would least look doesnt much really
0,1,believe talking bracelets
0,1,christ could vote im sure would want vote either based
0,1,persuaded idea relocating war
0,1,must really weird debating someone look look john
0,1,mccain look obama answer one
0,1,cant stand people debate military strategy bringing personal soldier stories like mccains
0,1,long delay
0,1,mccain obama mccain said muddle thru afganistan mccain sounds condescending petulant
0,1,al queda take economy well coincidence pissing away money indirectly result
0,1,drink everytime say iraq bailout bush iran israel allies global warming toxic obama mccain friends
0,1,pts mccains personal attack btw im subcommittee chairman take issues subcommittee
0,1,mccain john know iraq afghanistan probably good dinner
0,1,debate campaign stop
0,1,obama sucking jim
0,1,mccain seems like hes really holding anger response obama quite contrast
0,1,existential john mccamus
0,1,mccain sound bite league democracies supes side going fight axis evil
0,1,mccain holocaust reference whats happening dafur
0,1,isreal suffer overwhelming ennui
0,1,think republicans learn different math
0,1,said anything 2nd holocaust
0,1,mccain iranians putting lethal ieds iraq
0,1,mccains gaffe iran lousy government thats good intl diplomacy
0,1,holocaust caused iran bad whats happening darfur ignored
0,1,mccain mentions existentialism french statement irony
0,1,mccain iranians lousy economy kinda likeus speaking economy arent talking
0,1,obama saying mccain right many times even true
0,1,lousy government corrupt unable provide basic services citizens
0,1,obama continuing say mccain right augh stop
0,1,hour heard anything new following fun
0,1,dems polite obama needs stop saying mcain correct
0,1,dont live fox either
0,1,want league tshirt mccain progressive 1950s thinker
0,1,guilty bastards retroactively reregulated banished somewhere funny
0,1,good god stop invading countries
0,1,mccain nobody understands preconditions
0,1,mccain mispronounce world leaders name obama trying correct
0,1,mccain propaganda platform rubbish arrogant asshole john
0,1,mccain cant even pronounce name head iran contestants wait wait dont tell better
0,1,mccains constant reminder old back day back
0,1,mccain mispronouncing world leaders names say ahmadinejad times real fast
0,1,gorbatschow brought wall dude fucking reagan
0,1,mccain false statement wiping israel map
0,1,mccain aligning reagan nixon dont care
0,1,mccain iran
0,1,mccain rolling eyes obama mentioned isnt right person iran target lol
0,1,mccain lying obamas position regarding unconditional negitiatoins
0,1,dont remember clinton stuttering much debates
0,1,get old mccain everything supported story
0,1,republicans smirk inherently insulting
0,1,im lead understand practice prior debate known hes good debater style issue
0,1,exactly everything mccain boring story behind
0,1,mccain 01 time smirks obama speaks
0,1,rate considering bias im seeing mc paperboard
0,1,mccains attempt humor boo
0,1,babies debate talking
0,1,ooh finally happened took mccain 45 mins call obama naieve wow im impressed much patience
0,1,mccain tries really hard demean obama
0,1,us going broke policing world put risk within
0,1,year old asks mccain doesnt look obama
0,1,mccain demanding oil drills soler gives 5000000 watts 15 sa per year
0,1,talking dangerous ah shoot people
0,1,give candidates minutes ending minutes
0,1,multiple twitter tags concept
0,1,mc run diversions dr kissenger old friend please
0,1,fuck mccain
0,1,whats next mccain im glad youre old remember alphabet
0,1,mccain response russia hes insulting makes sense
0,1,mccain putinkgb comment
0,1,gonna say thing youd think hed leg russia stuff cuz sarah see house
0,1,mccain loosing
0,1,offended theres independent representation whos representing list rep dem ind screentheres ind
0,1,mccain condescending ahole
0,1,mccain leading right attack followed confusion policy
0,1,russiairan mccains definitely military action scary becomes president
0,1,one sign georgia meant russians would invade quite stretch
0,1,okay mccain enough went ive 35 years know youre old
0,1,sounds like mccain spending lot american tax dollars visiting place
0,1,know know much russia vps neighbor see front door
0,1,mccain everywhere least starting every argument
0,1,since republicans become taxandspend world police
0,1,mccain misrepresentng obamas positions russia georgia
0,1,imagine palin answering questions
0,1,sad watch think mc one saying anything right tonight
0,1,obama jump talk
0,1,mccain never looks obama
0,1,drilling solution bush let chinese buy solar chip plants wind turbine makers swiftfuel
0,1,mccain thinking offshore drilling help anything
0,1,safer want 71 year old man drugs houses
0,1,offshore drilling kill planet
0,1,believe bin laden still seriously heck cant find
0,1,white privilege hes scolding grandfather obama interrupting looks like angry black man
0,1,retweet mccain created 911 commission guess right created blackberry
0,1,10 mccain excessive pulling heartstrings
0,1,annoy drink thats new rule made
0,1,laptop battery empty
0,1,really starting bother mccain wont even glance obama shows lack respect
0,1,mccain wants work allies wont meet spain
0,1,rovei mean mccain studied points well bad seem void substance anyone listening
0,1,obama protect america teleprompter breaks
0,1,biggest threat united states obama president
0,1,declare america safe come kind money back guarantee
0,1,obama really getting angry moderator interrupts sure took enough meds today
0,1,dont need keep hyping fake war terror keep us secure obama dont need liberty
0,1,many times obama going say thats true john ahmen
0,1,isnt past mccains bedtime maybe thats keeps telling bedtime stories
0,1,mccain winning wtf hasnt said anything
0,1,wtf obama believes missile defense since
0,1,mcs dismissiveness makes look stronger bully class
0,1,911 question big softball obama whine iraq
0,1,obama stuttering nowcurrent
0,1,poured money airport security yet youre able get around changing name sigh
0,1,ever really claim america safe thats problem waging war clear definition victory
0,1,omg lets kill something else oil sheess penguins caribou dont know shoot
0,1,obama tell mccain thats true john wake sleeping debate least answers sound like
0,1,gore kerry obama harvard dna thingthey become androids
0,1,obama talks circles nothing
0,1,obamas mom teach manners wait turn speak
0,1,change
0,1,biggest threat lettig mccain leave smirk face
0,1,safer today go abroad american mccain get reality check
0,1,worst drinking game ever
0,1,al qaeda grow us continues antagonise
0,1,mccain getting angry clinching jaws getting ready taclke obama hothead
0,1,biggest threat world thinks assholes
0,1,mcs dismissiveness makes look stronger bully class
0,1,mccain kiilin stories
0,1,wonder going first spend zillion gazillion dollars
0,1,wish could tell theres never suticase nuclear attack anywhere dont think individual bold enough
0,1,independents represent 42 voting population yet represented shameful
0,1,country greatest
0,1,mccain looked obama whole debate
0,1,think people stop talking terrorism would go away know sight mind
0,1,obama less respected well youre less respected keep playitsafe mode
0,1,obama actually think arent trying go qaeda
0,1,agree obama far accommodating mccains tone interruptions
0,1,obamas tie crooked
0,1,theres need 911 style attack us anymore destroying without outsidel help
0,1,pinocchiobama need restore americas standing world
0,1,less respected obama give credit mccain noooo
0,1,way perceived worldput ya weight barack
0,1,less respected four years ago major understatement dont even respect anymore
0,1,yes reps experts torture
0,1,definitely less respected eyes rest world celebrity election helping
0,1,damn right respected anymore need president whos gonna restore international credibility
0,1,obama keeps saying mccain different thought said mccain 3rd bush term true going 3rd term
0,1,mccain vs obama cage match gocurrent
0,1,quick mccain get another slogan
0,1,obama really getting angry moderator interrupts
0,1,restore perceived world less respected years ago even years ago
0,1,agree difficult watch atl expected
0,1,obama goes apologizing usa scumbag
0,1,half way telling real reasons obama president realized wanted keep kidding
0,1,honestly mccain really stressed mean dont like people mean something important
0,1,doesnt respect natl anthem matter much respects country
0,1,mccain obama doesnt get
0,1,missile defense welfare defense industry doesnt work
0,1,since respectful bad thing work teaching kids every day family values remember
0,1,yes less respected obama restore standing stop complimenting mccain doesnt compliment
0,1,safer question joke chasing tails something happens thought determines usa treated
0,1,mcpain reagans sdi major factor ending cold war obama doesnt get failing iraq embolden enemy
0,1,iraq lost give mc cain
0,1,1pt mccains attack fail iraq dont even know win
0,1,terrorists think attack help mccain win attack election
0,1,senator obama still doesnt quite understand
0,1,stop saying cold war holocaust mccain sound desperate stupid
0,1,right ignoring gives room
0,1,obamas mom teach manners needs wait turn speak
0,1,people think difference two sounds like bs
0,1,obama president mccain retire collect social security
0,1,mccains talking point obama doesnt get hes good job driving message home
0,1,think disappointing debate thought obama would come better didnt shine time
0,1,agreed last question bit joke
0,1,macain elected doubt another 911 gonna happen ready
0,1,mccains strategy wrong cant beat everybody doesnt like youcurrent
0,1,mccain offshore drilling bridge nowhere reagan killed solar course mccain doesnt good solar record
0,1,holy shit mccain isnt winning debate people hes talking ego iraq thats dangerous way govern
0,1,rt friends worrying palin debate next week
0,1,clearly mccain doesnt understand need get iraq deal issues home
0,1,wonder iraquis taller afghanis mccain must inside track height tactics
0,1,covert radio next 911 attack come northwest pakistan one 457 taliban camps plotting
0,1,general betrayus says general betrayus says hey mccain hes charge anymore
0,1,john mccains skin hangin bones
0,1,anyone else noticed mccain hasnt defined victory iraq entails warmonger
0,1,mccain needs get point getting lost words
0,1,gen petraeus says doesnt make true
0,1,hopefully one candidates act like adult running whole country
0,1,economy flucked war frucked im pissed even close obama easy
0,1,holy shit mccain isnt winning debate people hes talking ego iraq thats dangerous way govern
0,1,thats mo repeating doesnt get
0,1,obama spent time campaigning public office
0,1,obama call mccains judgement regard iraq war question
0,1,ok get grandpa mcain old
0,1,exactly need attacked destroying
0,1,character assassination barack obama coward john mccain httpbitly2zhw59
0,1,old man mccain rambling answering question facts fact mccain
0,1,tell harverd grad graduate bottom class undersatand arrogant
0,1,bringing reagan soo many times quite manipulative
0,1,theres priorities iraq plus capturing bin laden wont end gwot
0,1,worst drinking game ever
0,1,kind tough watching mccain beat obama senseless
0,1,ridiculous obama really needs take mccain task wants win undecided
0,1,stop relying petraeus senator mccain
0,1,obama win simply spending last 90 mins inserting foot mouth big blunders good
0,1,one one knows victory iraq looks like define dont want hear
0,1,wait sunk give comparitive heights koreans
0,1,screw dates get lets stay 100 years
0,1,every time obama calls mcc jim little child criescurrent
0,1,mccain looks like didnt even want show tonight
0,1,trap
0,1,obama ending pwning bush hats sir
0,1,china holds debt money buy cheap garbage
0,1,obama thinking america image lose called ugly americans decades
0,1,calling usa greatest country dangerous claim
0,1,mccain rambling runon
0,1,obama spend much money iraq cant afford bail wall street
0,1,cant invest bankrupt wars spending going helpcurrent
0,1,people need support parties besides gop democrats
0,1,need wage war everyone else obama use money help american peoplecurrent
0,1,im jerry springer audience im waiting ralphie come background try beat mccain bored
0,1,sen cant provide healthcare invest science tech national security issue havent funded veterans care
0,1,doesnt help win iraq wrong war
0,1,obama loses incompetence breads incompetence veterans care antichrist
0,1,feeble attempts tie mccain
0,1,mccain looks like muppet
0,1,mccain needs get point getting lost words
0,1,sad state affairs cant even pay simple healthcare military vets
0,1,mccain failure iraq would encourage al qaeda set sure possible inevitable
0,1,thay lying us
0,1,hate say obladen prob network poor fundamentalists prob
0,1,obama needs experience
0,1,dems chance preview debate would picked hillary clinton
0,1,antiobama posts attached users personal information links sites
0,1,involved well mostly yelling people like mccain
0,1,obama wants change change walletcurrent
0,1,obama hand wrong needs fist pound ideas peoples mindcurrent
0,1,keep positioning healthcare vs iraq war lose election
0,1,worst thing keep electing idiots parties wonder always ends screwed
0,1,jim looks like deer headlights
0,1,tight muscles mccains face bet hed look 90 hed ever relax
0,1,strategy obamas mind kissing uns butt thanks freedom aint free
0,1,heyobamaheres topicgo get boygo get itcurrent
0,1,obama bad decisions church william ayers rezko iraq troop surge
0,1,mccain quit patronizing get point
0,1,course think hes wrong john hes standing way letting sarah palin president
0,1,havent done jack mccain except jack sht
0,1,mccain keeps saying obama doesnt understand john mccain know obama knows
0,1,get mccain old lot people knew fortran doesnt make ready lead today
0,1,oh waithe didnt tried use housing crisis get
0,1,coming back surge weird
0,1,compare obama bush omfgcurrent
0,1,obamas camera chuckling stupid makes look like idiot potus
0,1,obama havent spent enough money social programs handouts
0,1,right livechat mccainpalin 80 lol true
0,1,serious mccain comparing obama bush nutjob
0,1,oh god mccainyou getting nervesthe surge didnt workcurrent
0,1,mccain involved military issues civil war present day war iraq fall pro column
0,1,obama please say stop fighting wars period full stop war dumb
0,1,jim lehrer listen waits
0,1,mccain part system got us mess trust get us
0,1,listening mccain like listening teacher charlie brown
0,1,obama talks issues mccain spoken past think mccain needs go teaching history
0,1,mccain totally dissing obama dick
0,1,ohhhmccain getting little nasty
0,1,mccain acting like arrogant old guycurrent
0,1,barack obama debate reality check threat afghanistan
0,1,mcsames wrap laughable
0,1,mcpain weve seen stubbornness need flexibility pres us veterans know ill take care
0,1,dont think either guys actually enjoy mccain sounds strained
0,1,better tie policies
0,1,mccain cant even keep cnn republican line happy
0,1,grumpy old man
0,1,yeah mccain take care veterans showing vote gi bill
0,1,mcpow wrong war wrong war wrong war wont admit wrong war
0,1,waiting mccain say nanny nanny boo boo
0,1,obama tried say knows vets well guess cant win game mccain
0,1,mccain joke
0,1,wow mccain saying obama wrong yet example counter said two minutes ago
0,1,old man mccain upset isnt use talking intelligent men like obama
0,1,mccain smarmy taken care veterans
0,1,mccain thinks obama doesnt experience needed dangerous world whey pick sarah palin even less fp exp
0,1,mccain trying win age hes talking obama idealistic teen
0,1,mccain calling obama stubborn
0,1,mccain vomiting diarrhea ears night
0,1,obama keep saying mccain right also mccain riding petraeus jock
0,1,mccain usefulquit standing surgeand flexibility flexibility diplomacy
0,1,old songbird mccain take care vetsha
0,1,honestly dont believe sen obama experience knowledge wow wow wow true thanks mccain
0,1,vote mcbush
0,1,lol mccain takes care veterans come hes voting veteran bills time
0,1,gi bill didnt vote mccainliar
0,1,mccain seems keep falling back saying obama doesnt get ummhe seems get
0,1,mccains teeth keep whistling
0,1,mccain calling obama inflexible thats pot calling kettle black
0,1,mccain yet another instance noun verb pow crutch
0,1,mc cains georgian bias georgian russia conflict
0,1,theremccain
0,1,mccain clubs baby seals seriously
0,1,mc cains gonna take care veterans chance last years
0,1,mccain must awfully tired hes everywhere done everything
0,1,talk clinging mindlessly one stuck positionhow mccains insistence staying iraq
0,1,obama needs new makeup artisthis concealer wrong color right eye
0,1,mccain getting tired stuttering
0,1,hate talk catfight anyone
0,1,mcain saying hell take care vets voting benefits
0,1,want fall asleep talk mccain
0,1,cooperate rest world enslave
0,1,babs mad
0,1,mccain know veterans take care yet veterans organizations consistently give low ratings
0,1,mccain admitting involved major natl sec threats new 911 aka georgia
0,1,johnny fix dentures youre whistling
0,1,mccain doesnt believe obama experience believes palin
0,1,yeahhe mccain really cares veteransthats hes tried help walter reed
0,1,twennty years experience sameoldsame old
0,1,broken record mccain
0,1,yes yes mccain know old calling judgement seriously mccain
0,1,omg mccain smirking like bush
0,1,ok lets make mccain secy vet affairs instead president
0,1,veterans know love mccain like says veteran protests gop speech
0,1,mccain keeps whistling haha
0,1,obama middle financial collapse war energy crunchnot time job training
0,1,obama going back drunk father roots
0,1,mccain job training card
0,1,ive involved virtually every major security challenge last 20 years mccain admit terrorist
0,1,im tired stories mccain
0,1,mcc harping one two things seems desperate hes putting anything new new ideas old
0,1,mccains tie godawful
0,1,debate reminded im independent disheartening
0,1,mccain needs retire take hardest job earth
0,1,mccain lying sack veterans affairs support going flip flop
0,1,obama claims national healthcare national security issueliberal
0,1,mccain ugly tie
0,1,going end thought 90 min gaaaaaaah
0,1,obama loses incompetence breads incompetence veterans care antichrist
0,1,im outta hope bill maher watched debate remember barack sucks debating things especially stoopid
0,1,mccain veteran obama father kenya dang didnt know lets pedantic invoke apple pie
0,1,booo stop trying push lack experience bs mccain vp less experience mom dealing people
0,1,mccain touch broken record need change
0,1,pretty much feel depressed wish election could get
0,1,mccain take care veterans like theyre little babies hell let nurse wrinkly man boobs
0,1,aint popularity matter ya dummy national security
0,1,dont need job training huh like palin likely become president youre gonna make
0,1,mccain plays war hero card
0,1,horrible dis obama mccain
0,1,conches agree sad
0,1,much alien vs predator whoever wins lose
0,1,wondering going pull pow card
0,1,wed al qaeda taken care hadnt iraq oil interests
0,1,good obama talking dad next talking bro lol
0,1,mccain dropped ball obama lucid iraq
0,1,trillion debt little much eh
0,1,hate say obama lost debate hes played much defense allowed mccain offensive night
0,1,goes poor pitiful vet
0,1,goes pow card couldnt resist
0,1,ask mccain pave spike shut search mia pows
0,1,yeah final comments mccain reference coming home prison everyone take shot
0,1,mccain proveteran didnt vote new gi bill
0,1,mccain dredging pow stuff knows war
0,1,thought mccain busy dumping first wife returned vietnam
0,1,oh go blah blah blah violins sappy music thanks danny tanner
0,1,land opportunity need govt take care us make mind
0,1,mccain suckscurrent
0,1,pow mia issue resolved everyone comes back 50 mccain
0,1,mccain obama joke give 30 min prove lol current luvs current
0,1,current antimccain showing comments
0,1,mccain talks war war lover war monger would president war
0,1,came home prison heard one
0,1,mcpain came home wounds war thats need know
0,1,wait mccain admitted prison whats crime allowed president youre felon wow news
0,1,doesnt matter thay going takes get pockets full
0,1,think mccain strokes throughout debate
0,1,nuuuuuuu sudden death
0,1,braceletmeeting solders mother low ploys talk dont use grieving mom make point
0,1,mccain vote bc got fucked ass viet cong yrscurrent
0,1,sen obama finally drops father kenya thats got name line
0,1,im trying mean say problem constantly talking verterans public
0,1,cannot wait see palin vp debates gonna hilarious
0,1,obama ia liarcurrent
0,1,obama wont get sleep tonight cause hell night long licking wounds start prepare next one
0,1,pointless
0,1,hmm expected obama
0,1,knew mccain couldnt go entire debate without mentioning pow
0,1,oh us incapable diplomacy wont back issue
0,1,veterans including continually mistreated administration supported 90 time senator mccain
0,1,say whaaat mcain fought keep quiet investigations pows didnt try find
0,1,came home prison probably wasnt best choice words
0,1,knew hed end pow talksigh
0,1,mccain clubs baby seals seriously
0,1,obama cant get point mccain assertive foreign leaders
0,1,debate duds
0,1,hallelujah say vote mccain miss congeniality
0,1,learned nothing new youcurrent
0,1,appropriate mccain qualified prisoner war noun verb etc
0,1,john mccain care black twitterers
0,1,nobody wins debate everyone came away opinion came
0,1,rt michaellehman ok lets make mccain secy vet affairs instead president
0,1,make sound like government responsible everything research health care etc
0,1,obama exits stage staged fakenesswhat creep
0,1,30 second delay live real time
0,1,mccain condescending yet expounding details plans beyond know
0,1,smoothest transition
0,1,never agree mccain war
0,1,mccain never looks obama
0,1,mccain voted bill would cover total cost college vets supports
0,1,nice choreography crisscross wifehugs hate politcs
0,1,still wouldnt look obama shook hands ass
0,1,obama outdebated theres room graycorrections debate
0,1,mccain pow missed somehow
0,1,live vet way hell voting mccain hear palin wowza
0,1,connor live sick character yo
0,1,mccain firesidechat closing statement weird
0,1,drink every time brings came home prison
0,1,mccain obama empire state building ant
0,1,mccain clubs baby seals seriously
0,1,regardless debate tonightwe ones lost
0,1,mccain wont even look obama eye shaking hands hes dismissive old bastard
0,1,obama cites fathers desire come usabut didnt stay
0,1,really depresing far world right sigh
0,1,last two points nothing stump speeches candidates
0,1,economy war didnt stop recession caused depression good ol 08
0,1,blinking shown sign fibber john
0,1,yea pull sob story songbird mccain
0,1,obama liar
0,1,soo tell mccain doesnt fck wife dont even hold hands anything xd
0,1,mccain clubs baby seals seriously
0,1,yeah never mention african father want president
0,1,going get money pay obamacurrent
0,1,oh mcain isnt creepy troll cant even touch head
0,1,disappointed jim lehrer expected
0,1,mccain scared obama
0,1,hes racist
0,1,wouldnt simply worry war economic depression geas makes look like war drugs
0,1,didnt really hear anything new debate hope future debates wont sound like political news pundit speak
0,1,mccain says hell take care veterans includes gi bill mccain knows heal wounds war quite
0,1,worried whole choices
0,1,mccain lost sucks hope become president
0,1,mccain also knows create wounds war advocating much war deploying troops unnecessarily
0,1,know mccain stand sing mr self destruct nin
0,1,anchors pundits tell us think
0,1,john voted webb bill pay college education veterans
0,1,number one problem much emphasis retarded communication tech instead things matter
0,1,someone really ask mccain felon pow camp idiot
0,1,oh manwhy cspan2 covering spin room crapthis exactly hate mainstream news
0,1,want real change dc vote congresmen senators office 12 years
0,1,body language big issue contentious meeting would mccain ignore adversary room
0,1,chuck todd candidates totally tone deaf economy
0,1,retweet making point depends difference tactics strategies always bad tactic
0,1,mccain barely walk dies miss tabloid queen president nice move us
0,1,retweet kctrey still wouldnt look obama shook hands ass
0,1,big tax cuts given top 01 americans easy
0,1,sadly think obama missed point election going connecting average leadership
0,1,time job training
0,1,mccain disrespectful obama kept calling mccain john senator thats disrespectful
0,1,cindy mccain glowing red burn eyes way
0,1,think mccain none many experts cnn agrees sorry
0,1,remove 10000 votes mccainpalin every time one utters maverick
0,1,im hoping spin coverage points condescending mccain towards obama frustrating
0,1,pow hero like thousands others maybe ever kept planes air
0,1,cbs observer compares mccain nixon yikes
0,1,mccain weak economy better warmongering apparently afraid direct eye contact
0,1,seems like obama kind fell apart end
0,1,okay seriously stressed
0,1,obamarossas dress looks like puke
0,1,hell environmental issues besides energy
0,1,body language mccain idiot
0,1,obama supports missle defense ones dont work uh fund programs work
0,1,mccains comment short north koreans glass houses shouldnt throw stones mccain 57
0,1,obama didnt emphasize many differences agree mccains points avoided economic questions
0,1,wow obama camp mgr thinks barry commanded foreign policy debate laughing hard sides hurt
0,1,tonites big soundbite agree senator mccain obama cant play well
0,1,us
0,1,new offshore drilling wont give us oil years silly idea
0,1,free press site slow go directly rate debate
0,1,kissinger backs talks iran conditions yikes fail
0,1,suprised mccain brought prison time know youre war hero john get
0,1,best line night thoughts think debate lacked umph
0,1,frequent obama mccain right lines haunt later someone remind cant get consensus
0,1,doesnt anyone remember mccain went iraq made fool
0,1,tell ya ill need drink tonight debates please get obamabiden office mccainpalin
0,1,stage cindy stole drugs charity got scotfree mccain included httpxrlusosao6
0,1,time talking heads
0,1,eugene robinson right pointing youve forever crisis winning point
0,1,hell anyone consider mccain debate winner
0,1,go spin alley call deception lane changing channel
0,1,sigh miss peter jennings real void tonight
0,1,disrespecting traditions pledge national anthem
0,1,like iraq war like failing banks see mean
0,1,dont really care think youve already chosen course think guy undecided voters swayed
0,1,debate completely surreal context current economic crisis
0,1,mccain freakin say senator obama doesnt understand every response wtf jacka
0,1,mean obama able keep mccain nervous stiff wouldnt look obama
0,1,william bennet cnn many times obama say john right thats great point obama conceding mccain
0,1,meh disappointed obama mccain tonight
0,1,mccain obama stubborn like bush
0,1,think twitter make debate interesting
0,1,holy crap im getting tired mccains sen obama doesnt understand followed emotional appeal us exceptionalism
0,1,offshore drilling bridge expensive bridge
0,1,big surprise mccain makes misleading statements obama
0,1,think hate mccain simply coming fucking ignorance hating bastards need step back review
0,1,gop doesnt send palin answer mccain guiliani vp
0,1,anyone thinks mccain total dweeb dingle cheese says like true dorkus
0,1,guiliani twit
0,1,ftw boone pickens hell
0,1,wow biden spoke nbc palin declined gop gave rudy instead fucking tool
0,1,oh god comes giuliani
0,1,retweeting agree sen mccain line night
0,1,palin declined invite discuss debate busy monitoring russian neighbors
0,1,deja vu 2004 kerry supporters jumping haste even poor performance kerry 2008 old obama
0,1,candidates point blank said would commit war crimes break international law god bless america
0,1,noticing many misquotes
0,1,owho camp lowered expectations allow happy performance
0,1,wtf giuliani lieu palin test run vp candidate replacement
0,1,palinbiden thursday gimme break thursday new friday one gonna watch thursday night
0,1,oooo rs sent giuliani talk nbc instead palin thats embarassing
0,1,matt outbut heard chevy chase wants palin anihilated sp yeahwho ohthe dude played fletch
0,1,wish guiliani would shut hell
0,1,nbc guiliani omg maybe clint howard cant tell say anything mccain picked palin joke
0,1,retweeting disappointed hear candidates end genocide darfur
0,1,cnn pitys sake asking objective like asking amy winehouse smoke crack
0,1,mccain called spending freeze hillary called trade timeout ridiculous ideas lose
0,1,honest question mccainiacs whats thinking palin nowhere near live camera right
0,1,wheres palin getting drunk philly
0,1,mccain awful tonight
0,1,brian williams cant believe rudy saying stuff straight face
0,1,really bums clean coal stuff frackity
0,1,anyone else notice mccain didnt look directly obama addressing part
0,1,thinks crawl fox news slanted despicable
0,1,palin said anything unscripted live television yet
0,1,mccain times comes competent senator presidential
0,1,wait minute nbc invited palin respond debate declined minus 500 points mccain picking coward
0,1,palin neighbors russia
0,1,major garrett obama campaign feels debate debate watching
0,1,palin looks bad put giuliani cant find vp nom
0,1,expect mccain lies truth wont get elected
0,1,pow oh really john idea
0,1,let spin begin
0,1,aside obama missed yet another opportunity close deal tonight nh tx pa vs hrc tonight vs mccain
0,1,seems like every election conservatives talk decreasing spending mean decrease military spending
0,1,pickens plan billion yet cant keep strong web server come boone
0,1,mccain tailspin
0,1,palin hasnt single unscripted moment yet cant wait see eaten alive vp debate
0,1,yeah wife commenting cause hes ass
0,1,find disrespectful one doesnt either salute flag put hand hear anthem played
0,1,theres one hate mccain guliani
0,1,kids sure rude
0,1,nbc tank would mccain camp give em air way good palin
0,1,get mcc prez go mideast us fall 1000 inflation
0,1,guess palin locked room next week shes gotta lot work professor higgins
0,1,obama pro missile defense wtf
0,1,cant speak without script try hide much
0,1,mccain sounded like rambleing grandpa simpson lehrer crappy moderator
0,1,heard biden polite fare badly vis vis palin
0,1,mccain say obama experienced enough miss congeniality running mate
0,1,know must hard mccain sucks badly againsorry try voting obama
0,1,thought lehrers questions generalnot pointed enough eg iran russia etc
0,1,earmarks ok kind logic
0,1,retweeting fav tweet mclame heart attack president palin debate
0,1,thinks mccain understand difference tactic strategy
0,1,didnt think mccain gentleman one time impartially truly believe
0,1,contributing
0,1,missed mccain look feel constipated
0,1,one vp debate bummer really looking forward
0,1,sarah palin secret cheney bunker
0,1,mccain close veterans weird last words thats say
0,1,buy suit michael ware
0,1,sup obama killed mccainiacs lol
0,1,nobama4thismama right
0,1,wonders wheres palin mean shes qualified right
0,1,think mccain doesnt understand lot
0,1,bobama interrupted jmccain often bad agore walking front bush 00 debates arrogance
0,1,friend said gergen sellout
0,1,palin hunting moose
0,1,anyone tweeting irish pub please buy sarah drink shes gonna need next thursday
0,1,abslutely mccain could look obama
0,1,lindsey graham idiot mccain camp always use many better people
0,1,would sacrifice paul begala cnn analyst meant never see castellanos besides foxnews
0,1,hope gives speeches better miss south carolina im john mccain honestly believe
0,1,im offering translation services creepy mccain smile obama speaksdamn obama got im screwed
0,1,disagree think mccain loses showing
0,1,apparently cool guys wearing bracelets right important fashion tip oh also worlds utterly fucked
0,1,mccain avoiding eye contact reminded exactly dubya debates kerryis republican thing
0,1,new drinking game mccain says wrongly sen obama doesnt understandtake shot creepy mccain smilechug
0,1,obama start smearing ridiculous dark shadow footage thats way win country
0,1,dee dee meyers thought obama great job showing great leader hmm must watched different one
0,1,started paying attention brought didnt see make eye contact
0,1,need make false claims obamas plan read talk scary
0,1,thats right trying get away lying debate good
0,1,rt looked mccains eyes saw add even willing lie win
0,1,mccain thinks travel relevant areasexpertise us govt consult expertise ive iran
0,1,barr interview moderator let go thats pandering american people leadership
0,1,condescending read correct
0,1,mccains good shot beat obama doesnt look like happened
0,1,mccs version reagans go carter debate
0,1,drives crazy
0,1,skipping around channels david gergen said mccain needed big win didnt get thanks
0,1,ignorant thinking ideology drives country ground
0,1,obama stayed positive ratings shot soon went negative dropped also looked fairly angry
0,1,reports palin moose hunting pregnant daugher somewhere near russia
0,1,golly gee wonder didnt palin spinning mcsame could shes functionally retarded probably
0,1,wondering youve somewhere doesnt make expert foreign policy country
0,1,mccain noone opposed renewable energy noone reality httputag00kg1
0,1,obama looked nervous uncomfortable entire time
0,1,lindsey graham sounds like mr rodgers
0,1,wants say 14year old observes mccain acted crazy sometimes yup sums response tonight
0,1,oy vey already new campaign ads
0,1,weve got cut spending
0,1,nbc biden debate instead palin getrudy almost like mccain hiding vp nominee weird
0,1,impressive mccain campaign already john absolutely right ad youtube
0,1,mccains new ad obama agreeing horse crap cuts really said
0,1,cw clear winner mccain didnt get shakeup wantedneeded debate campaign suspension
0,1,think confirmed stereotype confident kind condescending jock brainy egghead vote egghead
0,1,mccain wins im probably screwed since seems care veterans
0,1,also john seemed obsessed slamming obama looked desperate
0,1,wow see republicans page looking old white guy avatars
0,1,obama let mccain back race going jugular debate
0,1,hate watching presidential debates get anxious freaked obama needs better rhetorical strategy
0,1,biden right wrong john dead wrong everything john wrong strategy tactics
0,1,john john john wont respectful call senator mccain even
0,1,joe biden cnn live milwaukee dems taking wi maybe need move back fix lol
0,1,wellmccains latest ad didnt take long come hes master illusion
0,1,mcs seems little old obama seems little green
0,1,mccain people mention obama tax increases one time polite words come mouth
0,1,palin got stuck ice berg melting
0,1,earthand gonna say youre oh please
0,1,thing obama doesnt understand grampy gramps age mccain necessity thinking like mccain
0,1,dont worry fellas youll get work four years gop schlep runs obama
0,1,biden john doesnt even know difference strategy tactics hes lecturing obama ha ha
0,1,biden john strongest turf today lost think fatal hope palin defends position mccain
0,1,mccain doesnt care veterans either
0,1,dont forget candystriper optical illusion deliberately distracting mccain tie
0,1,also bad obama didnt mention keating five first part debate
0,1,mccain full long windy gasbaggery short policy end
0,1,watching keith olbermann dissing mccains debate blunders theres number cant wait factcheck
0,1,larison mccain starting let contempt obama show keeps laughing like sort disturbed gremlin lol
0,1,even draw overall subject supposed mccains pocket pretty poorly
0,1,actually expected mccain better todays topic thats im shocked got floor mopped knocked
0,1,oh stop mentioning funny names years ago arugulaeating elitist
0,1,rt whats used car salesman cnn oh joe biden robert
0,1,elect mccain president past
0,1,yeah ad tactic negotiating putin would want
0,1,friend imed thought obamas bracelet line appalling
0,1,last thought right mccains tie awful moired really badly standard def
0,1,wow something ppl picking mccain admits tortured prisoners
0,1,john mccain trouble emotion seems get uncomfortable obama tries pleasant
0,1,said wellmccains latest ad didnt take long come hes master illusion
0,1,talk selfselected sample readers dont exactly come sides
0,1,mccain temper flare least compared americans southern italian extraction
0,1,gop supporters need start recognizing independents arent falling 2004 tricks
0,1,sad mccain lie lie lie like cheap rug advisor kissinger said
0,1,hillary clinton fanatic thought maybe wasnt properly listening primary debates barack weak
0,1,dont think either debated graciously well frankly time spent redefining others terms
0,1,say obamas professorial ive never heard much revisionist 1950s american history tonight doc mccain
0,1,fact call spin room enough reason avoid listening costs
0,1,dont think mcc understands un works
0,1,mccain stuck time warp mistakes namedropping kissinger old vacay itineraries contemporary foreign policy
0,1,wont vote dogcatcher
0,1,obama claims theyll another holocaust doesnt mention outright wants hitler
0,1,wondering exactly us winning war iraq
0,1,obamas empty suit
0,1,mccain send 700b countries dont like us fed govt sends 39b foreign aid spend oil
0,1,mccains temper disrespect fit nicely new image us bush administration built world
0,1,really mention hes war hero yet hows good
0,1,mccains details anyone empty
0,1,years ago repubs worried mccain might vp kerry hes centrist dems say hes bushclose irrational
0,1,exactly diplomacy war war
0,1,oh crap dont either stand guess lost respect anyway exactly thought
0,1,disavian youre right mccain friend military veterans per veterans see httpxrlusosaqb
0,1,bent took gop got line
0,1,pick fact sidestepped half questions agreed others
0,1,rt mccains temper disrespect fit nicely new image us bush administration built
0,1,kissinger recanting cover
0,1,financial system dire need bankruptcy reorganization bailout neither candidate task sad
0,1,rt im john mccain kids get porch
0,1,summed entire debate words twitter account guys wanna see
0,1,yeah listened mccain rolling right along obama stumbled got convoluted
0,1,actually feeling bit pain water helping
0,1,im guessing changed ones mind watched biases alive well
0,1,mccain dont know president pakistancurrent
0,1,mccain rolled right along right track woods totally oblivious
0,1,drudge going say anything mccain mccain mccain
0,1,obama doesnt know difference profit profit margin
0,1,rewind debate performance eh uh uh uhm uh eh uh eh john right
0,1,fox keeps repeating parts obama said mccain right go figure
0,1,mccain doesnt know difference sunni shia spain
0,1,mccain fed many lies misleading statements dreck would impossible refute
0,1,ha emailers cnn accusing network letting biden come palin stupid uniformed people might still win mccain
0,1,joking actually didnt see mccain supporters tweeting
0,1,rt mccain fed many lies misleading statements dreck would impossible refute
0,1,candidates wrong russia georgia
0,1,disagree mccains voice puts sleep monotone lisp
0,1,escrow whole paper length thing gets problem terse wordy
0,1,wouldnt look obama eyes maybe thought would get hexed
0,1,really couldnt mccain look obama eye callow lying honorless jackass
0,1,obama bit dull professorial mccain condescending bitter
0,1,stupid people voting obama want govt handouts
0,1,mccain kept telling lies hard stay silent someone lies
0,1,hmmbo may slighted elder calling first name
0,1,gasp mccain doesnt flag pin doesnt love america
0,1,theyre full lies covering tracks bothered constant interjections
0,1,mccain wasnt wearing flag pin lapel look forward rightwing outcry
0,1,guessing sarah palins given scripted speaking points commenting debate tonight
0,1,even veterans dont support mccain
0,1,hey guys hack debate round ii happening october 2nd heres promo
0,1,mccain called freeze govt spending thought nixons wage price controls didnt work httppoprlcom1ln
0,1,program
0,1,called projecting mccain accusing obama mccains faults
0,1,love mccain claiming hes bipartisan uses opponent agreeing cudgel ad hypocrisy
0,1,remember mccain wanted vote gi bill political suicide
0,1,1125 ive officially hit debate analysis overloadwhat else
0,1,missouri law enforcement straps jackboots obama httptinyccobmet
0,1,leadership
0,1,doesnt make right joe biden msnbc mccains world knowledge
0,1,people drudge mccain supporters somakes sense
0,1,pickens plan ad msnbc dont fall water grab plan hes still oil man heart
0,1,anyone else find rude mccain didnt even look obama
0,1,candidates unable tell difference republican guard revolutionary guard
0,1,lehrer pounding cant due cost bailout job interview would bear broke yr house
0,1,candidates unable tell difference republican guard revolutionary guard
1,0,ive got live stream going
1,0,first debate start
1,0,good luck candidates
1,0,awesome first debate question
1,0,obama swift wise
1,0,obama moving fast moving swiftly
1,0,obama looks good
1,0,obama clear objectives plan
1,0,looking forward twitter storm taking place tonight
1,0,obama articulating plans initial recognition
1,0,obama taxpayer protection fair shake
1,0,mccain plugging kennedy
1,0,obama trashing trickle
1,0,mccain kennedy comment
1,0,obama bullet pointing bailout policy clearly
1,0,obama specifics
1,0,1st impressions obama come across presidential articulate
1,0,obama giving clear concise answer first question
1,0,lehrer calling back track recovery plan
1,0,obama clear objectives still clear stand
1,0,lehrer great move repeating question
1,0,obama making eye contact camera
1,0,obama equating republicans antiregulation
1,0,obama pt need responsibility crisis
1,0,21st century framework like resonates future minded strategist leader
1,0,obama wanting responsibility time
1,0,good point
1,0,mccain looking presidential
1,0,obama holding mccain accountable recent record
1,0,pt mccain first direct answer
1,0,obama shooting straight root ideological issue mccain admitting republican failure
1,0,mccain quotable symptoms disease calls resp runaway spending
1,0,mccain directly differentiating fiscal policy obama cut spending
1,0,obama calling tax cuts vs earmarks
1,0,obama putting earmarks perspective
1,0,obama bringing corporate tax cuts expense middle class growing bottom like
0,1,obama earmark nonsense compared reckless tax cuts
1,0,mccain blowing whistle pork barrel spending
1,0,obama 300 billion dollars wow tax cut ordianry american
1,0,grow economy bottom obama nice sound bite
1,0,mccain repeating lot talking points verbatim already used since republican convention
1,0,mccain obama suspended spending
1,0,mccain want cut spending taxes
1,0,obama giving specific data clearly identifying plan
1,0,pts obama pouncing back mccain
1,0,10 obama calling tax breaks given outsourcing
1,0,obama middle class income decline
1,0,obama telling mccain whats
1,0,obama saying removing earmarks way get back track
1,0,agreed cant afford another four
1,0,mccain explaining tax plan obama harping
1,0,obama laying plan accurately rebutting earmarks
1,0,face obama going win regardless debates youth voters side
1,0,sen doesnt know rich many houses mcpain
1,0,sen mccain would popular president 5000 tax refund per family
1,0,mccain mccains sticking 932 million obama putting defense explaining tax policy
1,0,obama successful response business tax issue
1,0,obama letting mccain hook tax cuts
1,0,obama loop holes thats exactly
1,0,obama teling truth business taxes want add tax benefit top loopholes
1,0,obama calling taxation health benefits
1,0,obama better argument comp mccain comprehensive
1,0,95 percent get tax break obamas detail
1,0,theyre getting little fired
1,0,mccain saying festooned
1,0,mccain using concrete examples
1,0,mccain liking proposed tax system
1,0,current tv stuff kind neat opt hd feed cnn dvr last hour due sharks game
1,0,obama mentioning 4b oil co tax cuts
1,0,mcpain getting pwnd ahahah
1,0,obama quotable energy indepedence ok
1,0,vote
1,0,obama asserting clear priorities
1,0,obama mntions energy independence health care budget priorities also education
1,0,yes invest science math technology 25th world horrible good point obama
1,0,obama infrastructure
1,0,whoa obama broadband lines think mccain caught
1,0,obama liberal voting record
1,0,mccain eliminating ethanol subsidies
1,0,mccain good sound bite reaching far across aisle far left
1,0,obama obama commits broadband rural areas thats priority coos co nh
1,0,lehrer calling candidates lack commitment change
1,0,obama math science space program new infrastructure new energy
1,0,know fix damn
1,0,mccain defense spending cuts
1,0,mclehrer think jim wins debate mclehrer president
1,0,obama crediting mccain agree
1,0,obama clearly saying give energy etc
1,0,lehrer calling lack cajones suggest new plans bailout
1,0,obama alt energy rural broadband affordable college healthcare
1,0,obama liberal thats opposing bush
1,0,google govt good sound bite obama
1,0,bringing successes people across aisle nice comeback mccain attack obama
1,0,obama pushing transparency
1,0,obama pointing liberal voting record opposing bush policies
1,0,obama pointing mccains health care plan start taxing health insurance benefits
1,0,obama hatchet instead scapel
1,0,niiice hatchet need scalpel
1,0,obama successful rebuttal simplistic solutions
1,0,obama google govt idea
1,0,obama quotable sound bite using hatchet need scalpel
1,0,obama putting priority children education
1,0,lerher bringing heat questions
1,0,great examples obama
1,0,obama comparing plans rosevelts accomplishments
1,0,coolest thing ive seen tv since pilot episode heroes
1,0,obama first bring values
1,0,google versus terrorists wins google straight track bastards
1,0,least obama stressing healthcare issue
1,0,obama clearly articulating cut spending saying
1,0,10 obama pointing leave healthcare spending contraction
1,0,mccain calls spending freeze thats conservatives fiscally responsible americans want hear
1,0,obama spending freeze youre using hatchet need scapel
1,0,obama reacting mccainlike annoying smile listening
1,0,obama mentioning health care first issue discussion priorities mccain plan
1,0,like sxephils plan hot legs thats good youtube video
1,0,mccain dinging obama highcost health care policy
1,0,mccain spending china
1,0,theres anyone thinks arent gov agencies cant cut ive got
1,0,obama going mccain budget spending voting 90 time gwb
1,0,obama saying orgy
1,0,yes obama hits mccain hard controlling spending score obama
1,0,obama orgy spending
1,0,obama holding reps responsible
1,0,orgy spending good soundbite obama
1,0,obama calling mccain publicly government let spending get control
1,0,obama oknice rebuttal
1,0,oooh obama fixin outmaverick maverick
1,0,mac cracked thinks iraqis ever going see us friend could give sht
1,0,trumps festooned
1,0,mccain bringing light recent successes iraq
1,0,eye ball obama
1,0,mccain predicting winning iraq war
1,0,obama use military wisely quotable
1,0,amercians need choose wisely future also impacts rest world
1,0,mccain response obama iraq war
1,0,obama saying us shouldnt gone iraq first place waste money lives
1,0,obama rebutting war successes afghanistan bringing war
1,0,orgy spending obama quoteofthenight
1,0,ooh love obama says look
1,0,obama clear detailed answer iraq
1,0,pts obama countering mccain war iraq senate committee
1,0,senate inside baseball another good soundbite obama
1,0,obama timing war started comment
1,0,wreke humorous asides
1,0,retweet obama countering issues mccain brought dont go thru subcommittee
1,0,obama schooling mccain
1,0,mccain pointing obama hasnt iraq
1,0,obama war started 2002 obama makes point judgement
1,0,obama barely saying intelligent military spending
1,0,mccain winning iraq
1,0,obama addressing mccain directly war iraq
1,0,obamas eyemakeup
1,0,para obama por decir que bin laden seguaa libre antes de la guerra con afganistan decir que sigue libre aaon aa
1,0,obama sound bite absolutely understand difference strategy tactics
1,0,obama troops afghanistan
1,0,fact obama used wildest dream talking bill oreilly cheap
1,0,obama sound bite absolutely understand difference strategy tactics
1,0,obama ok definitely whole war iraq strategic mistake
1,0,obama strategic mistake
1,0,peace prosperity coming iraq
1,0,obama antiwar never anti dumb strategy current
1,0,great debate live blog check
1,0,obama details explaining situation laying plans
1,0,mccain pointing relevancy leaving afghan lurch russia left
1,0,mccain calm collected dominating tonightno offense obamaites
1,0,mccain admitting wrong
1,0,obama pronouncing middle eastern countries correctly
1,0,obama afghanistan
1,0,mccain pull trigger soundbite
1,0,mccain admits mistake though im obama fan thats refreshing dont like admittnig
1,0,mccain taking obama task telegraphic pakistan incursions
1,0,mccain leveraging firsthand experience pakistan
1,0,obama clarifies comments taking bin laden
1,0,obama come back fr mccain pakistan yawning lol
1,0,mccain pointing obama supports making strikes pakistan govmnt wishes
1,0,love love two us hear thing take two different ways makes america great
1,0,admit mccain knowledgeable foreign policy whats happening middle east mccain
1,0,obama coming sings songs bombing iran dnot think thats credible
1,0,couldnt wrong obama killin
1,0,awesome bomb bomb bomb iran
1,0,obamas relaxing good
1,0,obama nailing pakistan
1,0,obamas description pakistan
1,0,mccain ok bring reagan get point likable anyways
1,0,mccains first hand history helping
1,0,obama successful counterpoint opponents assertion regarding tax loop holes smb
1,0,obama showing nuanced understanding pakistani politics bringing mccains ridiculous bomb iran comments
1,0,seriously thought obama would dominate debate mccain better thought
1,0,wish mccain like atrocious republican convention drill baby drill
1,0,mccain bringing story thats touching son enlisted bagdadkilled
1,0,obama good retort make sure mother goes going
1,0,obama nice come back bracelet story bk honor service prov ret better question
1,0,obama bracelet
1,0,obama counter story dont let another mother go
1,0,obama actually respond intelligently questions
1,0,love function twitter hilarious commentary going
1,0,obama dont muddle central front terror
1,0,dont muddle afghanistan central front war terror ftw
1,0,obama gaining control foreign policy discussion
1,0,obama interesting pronunciation pakistan
1,0,mccain pointing need allies handling iran
1,0,obama dor bringing iraq vs iran fact
1,0,obama actually looking mccain makes point
1,0,purple tie
1,0,obama showing understanding middle east politics whole
1,0,yup always eastasia
1,0,macain continuing date
1,0,pts obamas need talking allies trade partners iran help change irans nuclear ambitions
1,0,obama clear firm answer question
1,0,oddly enough think obamas uhs actually help rather hurt
1,0,asked iran
1,0,pts mccain going obama talking evil leaders without preconditions
1,0,keep good work bet getting slammed
1,0,mccain ok efforts pron names
1,0,obama clear understanding iranmiddle east issues
1,0,1pt obama saying reserve right meet wwhoever time choosing president us
1,0,obama using mccains advisers
1,0,obama sound bite doesnt mean invite tea
1,0,obama difference preconditions preparation current
1,0,obama difference preconditions preparation current
1,0,obama international policy hes rocking one
1,0,im glad obamas getting chance address precondition thing
1,0,obama preconditions tea awesome
1,0,totally justified husband understand
1,0,3pts obama talk firstif doesnt work weve strengthened position impose tougher sanctions
1,0,obama bringing spain fiasco
1,0,obama pointing mccains bizarre statement regarding meeting prime minister spain
1,0,want tshirt
1,0,sen obama see russia house
1,0,like debate format far least backandforth
1,0,obama understanding conversation key
1,0,obama loose nukes russia
1,0,obama seems done homework russia good job
1,0,obama
1,0,pts mccain saying see three initials front putins namea
1,0,mccain kgb soundbite access facts accurate
1,0,obama clear dealing russia
1,0,pronounced one right one two foreign leaders john
1,0,mccain pronouncing president georgias name although idea said correctly
1,0,mccain knowing obscure ukrainian places people
1,0,love tom clancy suggestion
1,0,using rating say 15 interesting thedailydg obama bringing spain fiasco
1,0,obama alternative energy
1,0,good comeback obama foresight plan could prevented georgian invasion
1,0,mccains quite well georgia issue obamas response decisive knowledgeable sound presidential
1,0,agreed obama
1,0,inner hippie coming im glad getting alternative energy
1,0,obama clarifying objecting
1,0,obama foresight plan could prevented georgian invasion
1,0,obama pointing never opposed nuclear waste storing safely
1,0,1pt mccain another 911 attackwe safe nation far safe
1,0,mccain torture thats nice looked like supporting bush
1,0,obama port security
1,0,glad hear post911 world
1,0,obama great face country exactly need right globalized world
1,0,loving watching great tweets debate thanks
1,0,mccain president torture
1,0,theres lot work still done homeland security new report csis httpisgd3cg2
0,1,mr obama biggest threat cbrn old things theyve always used return
1,0,nice block bridge sen obama
1,0,obama definitely seems winning among twitterers using tag
1,0,john kerry mean barack obama sounds much presidential
1,0,obama handshake
1,0,obamba kicked assespecially afghanistan
1,0,1pt obama wanting restore image world
1,0,mccain smile success face
1,0,rtbmaleszyk obama understanding energy independence relates foreign policy russia
1,0,im convinced vote guess thats something already decided b4
1,0,flat american accent definitely going help mccain barak timid average people need see alpha male
1,0,yes thank obama need restore standing world
1,0,world likes obama therefore vote
1,0,good point really need fix perception word
1,0,obamas job appear presidential measured anyone want challenge succeeded
1,0,obama restoring view us around world
1,0,obama bringing need restore image world
1,0,obamathe way percieved world make things work kinda agree
1,0,whoever winslets move away whole us us idea
1,0,obama demanded debate good decision seems prepped economy foreign affairs
1,0,obamas body language seems arrogant prick constantly looking mccain
1,0,vote obama 2008 knows talking without actually going
1,0,obama better
1,0,mccain pointing need stop prison torture
1,0,star wars baaaaack
1,0,mccain showing experience quoting ronald regan
1,0,mccain looses debate cuss obama
1,0,obama rock tap
1,0,would even agree mccain better debater thought would mccain held
1,0,clear winner win mccain
1,0,cnn audience reaction obama talks way divided mccain talksgood leaders speak majority
1,0,hack debate rocks thanks giving us fun way participate
1,0,staunch supporter obama mccainhis media advisor done good job tonight
1,0,hey mccains face crooked guess theyre even
1,0,greatest country earth
1,0,obama bag
1,0,get em obama
1,0,obama absolutely
1,0,obama teh winner
1,0,obamas right china involved asia
1,0,think mccains going see bit bump performance
1,0,independents obama
1,0,good job bringing back domestic economy issues strong point
1,0,obama conspicuousness presence matched absence
1,0,whats talk winning debate obv everone thinks side
1,0,rocks vote best mashup congrats
1,0,thanks obama talking domestic policy little
1,0,conspicuousness presence matched absence nice
1,0,mccain sounds better obamas specific
1,0,obama finance national security issue
1,0,obama saying pakistan correctly
1,0,obama bringing vets medical needs
1,0,side note obama presidential dont see lack experience comes play coh prep
1,0,vets obama yes
1,0,excellent point obama strength homefront essential success warfront
1,0,feel like obama back trackcurrent
1,0,obama chips nice poker reference obama
1,0,win saw mccain wants blood treasure obama talk strait plundering needed mccain cptnobama pres
1,0,vision thang alright
1,0,obamathe next president needs broader strategic vision weve last years
1,0,linking strength economy future strength world good
1,0,obama wins
1,0,obama hands
1,0,obama better ideas
1,0,mccains gonna school obama
0,1,2pts mccains attack obamas experience stop bringing experience issue
1,0,obama right need funding science technology think win across board
1,0,agreed
1,0,brilliant statement stable economy national security issue obama
1,0,obama definitely better speaking presence might go long way appearance often trumps politics
1,0,agree side feel like
1,0,wow obama powerful
1,0,obama cleaning mccain
1,0,mccain compares obama bush stubborn
1,0,obama smells blood going kill
1,0,mcpain taking care veterans job ability knowledge background keep country safesecure
1,0,china buying mountains resources africa south america literally bought mt toromocho peru minerals
1,0,mccaini know vertarans know well know know take care
1,0,obama put mccain shame talking noniraq issues veteran care
1,0,preemptively call debate obama obama
1,0,heartstrings pulled mccain good
0,1,nice talking camera obama
1,0,moonpie love
1,0,thank twitter current letting hack debate peace think like dwightbeware military industrial complex
1,0,obama slam dunked
1,0,mccain dont need onthejob training sure
1,0,hey barack born kenya parents peace corpscurrent
1,0,let clear mccain clearly
1,0,jill greenburg caught mccains good side
1,0,obama talks father name needed
1,0,obama eloquent making good points world sees us
1,0,agree obama
0,1,mccain voted giving vets money cover total cost college supports
1,0,mccain gets last word
1,0,stiff nearly every bone body broken pow
1,0,obama world inspired ustoday like used need reverse trend
1,0,sen part well keep us safe helping people live dreams one thing im committed
1,0,way know mccain pow
1,0,pow pow pow pow pow pow pow
1,0,mccain normalization relations vietnam know
1,0,lets talk present issues experience
1,0,mccain victory
1,0,jill greenburg caught mccains good side
1,0,obama mccain land free home brave mccain hands
1,0,show world going invest education ordinary people invest dreams
1,0,awsome debate
1,0,boy cant wait vice president debate
1,0,italy could never vote mac obama lives present pastcurrent
1,0,think obama
1,0,obama wins economy
1,0,bingo lets forget mccain pow
1,0,good jobcurrent
1,0,imo obama wins
1,0,obamacurrent
1,0,good job jim
1,0,john mccain well two hours prep time course back washington pull together deal
1,0,wow hell good time debate good job obama
1,0,mccain wins
1,0,wow guys thanks much stay tuned current tv tweet
1,0,obama micd good job john
1,0,lol obama told good joblols
1,0,go bed peace
1,0,yay
1,0,lucky mccain getting last wordthe thing said debate
1,0,mccain know heal war know deal enemies know treat friends fruck fruck
1,0,thanks current fun stuff
1,0,mccain know heal wounds war best line night
1,0,next week funmaverick palin gotta see
1,0,hack debate great
1,0,good debate based solely points raisedi think obama made
1,0,mccain kicked tail debate definitely followed theme experience
1,0,obama wins
1,0,harvard kids watch party point absentee ballots room voter registration go head lil obamas
1,0,good debate obama well wasnt one sided expected
1,0,think fun making video obama saying john right good job john lol
1,0,mccain dominated thats
1,0,obama
1,0,loved fact kept mics end debate haha
1,0,obama wins
1,0,mccain eye burning tie
1,0,well considering foreign policy debate id give slight edge mccain one slight
1,0,obama
1,0,say mccain really well bummed thing clear obama way smarter
1,0,yay drink drink drink
1,0,rad nice job current tv nice job twitter nice job pundits
1,0,awesome first debate good job obama us first nation presidents time
1,0,im much looking forward obamas inauguration great day america weve long dark tunnel
1,0,thay came game tonight
1,0,correction iphone twitterriffic rock
1,0,hmmmm pretty uneventful debate clear winnerloser sharp btw like listening david brooks nyt pbs
1,0,obama wins
1,0,good debate little boring glad see anyway
1,0,tally
1,0,moderator really favored mccain
1,0,good job debating ive done people politics since lived dc
1,0,gloria borger obama held defense issues mccain
1,0,mccain wins
1,0,mccain debate hands
1,0,insert personal canidate debate tonight
1,0,good debate job well done candidates
1,0,hack debate twitter pretty intersting vote
1,0,first debate summed easily senator mccain right
1,0,rock obama
1,0,obama telling truthcurrent
1,0,obama good job relating issues together instead focusing one thing time
1,0,sure obama obviously came personable two still voting obama
1,0,good debate candidates fairly intelligent mostly respectful didnt change opinion glad watched
1,0,real winner tonight jim lehrer cant say pbs people dont balls
1,0,based either candidate good impressed candidates
1,0,retweeting military family trust mccains itchy trigger finger bit
1,0,quite civilised debatedidnt really expect quite well im dutch wont vote making points
1,0,gergen mccain clearly superior fp understanding
1,0,nbc hit right head seems something obama mccain cant stand
1,0,people saying lehrer favored mccain thought supposed liberal biased
1,0,obama saying orgy spending
1,0,obama got crisp start debate gergen
1,0,fred barnes tie mccain finished strongly
1,0,brokaw said best played constituencies well
1,0,barrthe people iran strong free market view iran iran history participatory govt
1,0,obama held foreign policy gergen
1,0,lehrer reall great moderator
1,0,obama passed test
1,0,one thing agree guys beat bush kerry tag team day
1,0,enjoyed debate thought smartly hotly battled personally solidified support obama
1,0,awesome
1,0,overall mccain great impressed maybe low expectations great lines responses
1,0,feel like obama came strong explained chooses things mccain pushed msgs
1,0,undecided voters tv say obama wins
1,0,obama obama choice primaries
1,0,anyone think david gurgen seems little like eeyore much lieberman says obama demonstrated knowledge
1,0,second obama
1,0,memorable moment debate mccain policy experience obama appears knowledgeable held ground
1,0,mccain sheriff bennett cnn
1,0,twitter audience voting seems obama win
1,0,mccain sez obama fitready prez obama went toe toe substantive answers obama
1,0,rt agree sen mccain line night
1,0,mccain definitely
1,0,oh cannot wait watch vp debate coming soon fun nightcurrent
1,0,according cbss polling undecided voters went strongly obama
1,0,juan williams obama offensive obama wins economics mccain foreign policy
1,0,mccain looked presidential thats sure
1,0,yes obvious
1,0,end result mccain obama appealed base mccain warrior like obama presidential goodnight
1,0,going walking thanks enjoyed commentary
1,0,think mccain even though im still voting obama
1,0,dont care mccain says think understand
1,0,mccainpalin 2008
1,0,watch people said candidates talking made able keep attention better
1,0,good job debate interesting see everyone saying
1,0,whiie feel obama could fought back mcc lies overall truly believe obama tonight
1,0,cogent point
1,0,fact african american candidate went mississippi pres debate nonissue speaks far weve come
1,0,yes uppercuts thats want debate condescending patronizing namecalling taken like gent
1,0,three cheers twitter staying alive debate
1,0,great debate america back work get credit markets back healthy without creating frivolous spending
1,0,think mccain strong debate
1,0,obama said agree john least times fox news reporting
1,0,guillliani mccain gave obama lesson foriegn policy spinmeister work fast
1,0,would like tea obama smart
1,0,fun completely changes debate season
1,0,think thing came obama looked presidential
1,0,mccain yesterdays man
1,0,friends debate party tonight think mccain hammering great thats lost 2006
1,0,name dropping bad thing mccain
1,0,speed campaigns amazing
1,0,mccain regained week
1,0,agree john points going hammered fox news gop look context
1,0,new campaign ad debate footage mccain right httpisgd3chn ht
1,0,much fun watching debate tweets loved
1,0,go obama think hes well far
1,0,obama made strides sounding feeling credible presidential many people havent seen
1,0,john right obamas defining phrase
1,0,obama supports veterans mccain obama least favored new gi bill
1,0,746 said obama debate msnbc poll
1,0,pretty awesme
1,0,mccain old obama new time change
1,0,lucky ill drinking lots tea
1,0,jim great
1,0,currently 752 said obama debate msnbc poll
1,0,one hit mat
1,0,mccain hard time suffering fools
1,0,wow really good debate cant decide actually either obama great job mccains strong suit
1,0,think mcc right good thing ofcourse candidate good points tactical true
1,0,great see many people engaged debates election regardless party affiliation candidate choice
1,0,think saying john correct along john thats true worked obama seemed like one charge
1,0,954 twitter followers 86312 looks like twitter landslide
1,0,think im gonna watch rest debate beeb need better commentary
1,0,rt argh zt wow mccain already agree sen mccain ad sweet
1,0,mccain nailed spots overall obama handled far better mccain
1,0,wow mccain already agree sen mccain ad sweet
1,0,held interested see happens next week uncommitted voters statistics interesting
1,0,mccain debate central webpage good rapid response info httpisgd3cic
1,0,happy obamas performance expected seem uncomfortable felt control tone
1,0,mccain cruises easy win 1st debate
1,0,thought obama laughing mccains wilder statements effective seemed natural
1,0,1am rachel maddow live msnbc tv
1,0,agreed think id able count vote november
1,0,rad really fun following along sorry friends number tweets sent last hour
1,0,nice work everyone watched timeshifted version wasnt able participate realtime
1,0,retweeting mccains team fast obamas words frm debate ad already wow fasttweetdebate
1,0,blast
1,0,aw love snow get quite lot
1,0,watching twitters election2008 pg enjoyed following thread quite entertaining
1,0,real winner debate twitter freeflowing ajaxy pages fun sure beats talking heads whales
1,0,god love joe biden brutal directness huge grin
1,0,according poll cbs undecideds picked obama winner mccain 20 point margin
1,0,biden kicking mccains butt cnn
1,0,going nh next saturday help obamas campaign
1,0,watched debate obama well
1,0,wolf would nice sarah palin would join us
1,0,btw nice website
1,0,wowthe cspan people explaining twitter
1,0,agree tough see old war horse like mccain take empty swipes hell place back senate loses
1,0,pavlicko gained least one follower searching tweetscan drilling read comments
1,0,tweeting front tv watching debate tonight cocktail hoot dont miss next ones tequila
1,0,love twitter new bar top neat trip read real time public opinion
1,0,mccain lies cant tell american people truth
1,0,said dont torture ever pretty clearly
1,0,emotive neither candidate met obama chicagoso im biased obama likes meet eyetoeye
1,0,cnn played kissingers response proving mccains answer correct
1,0,debate draw thought mccain come slightly top sounded educated issues good closingdebate08
1,0,perhaps view rss
1,0,amazing mccains debate ad
1,0,hack debate overnow refine much new promo coming soon
1,0,love watching comments roll twitters election2008
1,0,honest ive never much passion obama cant stand mccain anymore obamas growing though lately
1,0,imo obama eyetoeye direct points mission differences clear tonight
1,0,obsessions right left candidates clarified positionsthe viewers winners
1,0,worth mccain kicking obamas ass drudge poll
1,0,factcheckorg id love see live tweet fact checks next debate would hot
1,0,agreed
1,0,intense political debate ive since worked politics lived dc cant wait next one
1,0,good question good lines mccain probably colorful
1,0,agreed
1,0,obama said mccain right several issues
1,0,mccain mostly advantage violating lehrers moderatingthat tiedslightly strongest suit encouraging
1,0,vermontgmg amazing ind dial line cnn drops whenever mccain starts talking
1,0,nice obamas tweet machine goin debates
1,0,barack obama debate
1,0,great coverage cnn measuring audience responses realtime
1,0,biden msnbc good night team
1,0,mccain silent obama talked obama kept trying get word mccains answers bothered lot
1,0,cw halperin says obama mccain sounds right
1,0,right statement rebutted clip agreeing obama
1,0,dont know im huge probama think mccain well wanted obama better
1,0,good night
1,0,wow obama homework impressive thing tonight bracelet let droolfest begin
1,0,dont trust someone wont meet gaze liked fact obama looked directly cameratoward people watching
1,0,biden fire msnbc really nailing
1,0,interesting debate thought obama held pretty well considered mccains home turf
1,0,huge thanks team partnering cant wait next week
1,0,nuclear way need explore territory
1,0,obama well
1,0,think mccain debate easily
1,0,yes liked eye contact
1,0,anyone trying say john mccain liar suffers misanthropy john mccain likes anyone likes first rolls
1,0,cnn post debate polling saying debate went obama 10 point lead
1,0,lisa course
1,0,big obama lead cnn post debate poll interesting
0,1,fun yet
0,1,mccain around little thats like saying pope little catholic sheesh hes older dirt
1,0,like scoring method really makes think comments
0,1,retweeting mccain saw problems coming thought economy fundamentally sound exactly
1,0,obama clarifies mccains fuzzy math
1,0,dont want cut taxes least state taxes makes amercian
1,0,great question compromises need made face economic malaise
1,0,obama need get rid programs dont work bring programs date
0,1,zombie mccain eat face
1,0,yeah provocative
1,0,youre right world likes obama therefore vote debate08
1,0,religious right voting obama think second coming jesus vote
0,1,flatline demrep 5050 mcccain kisses wife palin obama karate chop ass
0,1,obama comm dir robert gibbs great job sticking game plan get stumped question blame bush
0,1,telling truth uses pow status yet isnt anything help current vets disabled vets
0,1,politically speaking good see rove absent
0,1,heh thats appointed woman whose fp exprience seeing russia shore
0,1,hey jim please look talk
1,0,okay love major garrett casablanca reference shocked time
0,1,hes obviously intimidated barack
0,1,lehrer would well recall neil postmans point ask question shapes answer get httpbitly1qxcwr
0,1,rt frequent obama mccain right lines haunt later
0,1,didnt least see obamas face disputed mccains surely wasnt allowed corrections
1,0,obama surge wrong wrong wrong stood cheered mccain stood blinked
0,1,yeah yeah thats im talking repubs hang hats wait 2012
0,1,seem come full circle huh circle nothing word mouth
1,0,gurgen obama focused diplomacy mccain muscular neocon view closer bush first term
0,1,palin turned spin patrol favor rudy came like cartoon mad scientist
0,1,think dose whatever theyve dosing bush years didnt get enough tranquilizer jk
0,1,missed bit mccain talked obama obama tried state record confirmation bias
